t_rel_s,ts_ns,value
1.826,1779427877657893823,nan
1.857,1779427877689232409,nan
1.908,1779427877740534839,nan
1.932,1779427877764526508,nan
2.008,1779427877839866980,nan
2.073,1779427877905324466,nan
2.142,1779427877974132919,nan
2.198,1779427878030530942,nan
2.271,1779427878103014312,nan
2.336,1779427878168342093,nan
2.400,1779427878231843789,nan
2.472,1779427878304596945,nan
2.538,1779427878370241469,nan
2.606,1779427878437937529,nan
2.670,1779427878502394122,nan
2.741,1779427878573116156,nan
2.802,1779427878634042786,nan
2.866,1779427878697822726,nan
2.941,1779427878773617605,nan
3.010,1779427878841998776,nan
3.064,1779427878896653005,nan
3.140,1779427878972258596,nan
3.202,1779427879034000582,nan
3.273,1779427879105237272,nan
3.337,1779427879169652157,nan
3.425,1779427879257327518,nan
3.479,1779427879310945437,nan
3.541,1779427879373234037,nan
3.597,1779427879428848369,nan
3.670,1779427879502759124,nan
3.733,1779427879564956808,nan
3.802,1779427879634309790,nan
3.873,1779427879705213237,nan
3.939,1779427879771691325,nan
4.005,1779427879837284808,nan
4.075,1779427879907712850,nan
4.140,1779427879972112651,nan
4.198,1779427880030503463,nan
4.270,1779427880101989647,nan
4.340,1779427880172001197,nan
4.406,1779427880238480577,nan
4.476,1779427880308253175,nan
4.533,1779427880364982857,nan
4.598,1779427880430714587,nan
4.667,1779427880499346002,nan
4.740,1779427880572481232,nan
4.809,1779427880640781321,nan
4.873,1779427880705559323,nan
4.939,1779427880771468674,nan
5.004,1779427880836426921,nan
5.068,1779427880899791246,nan
5.133,1779427880965003530,nan
5.201,1779427881032936418,nan
5.274,1779427881106552596,nan
5.334,1779427881166019759,nan
5.407,1779427881239630103,nan
5.473,1779427881305551121,nan
5.539,1779427881371490013,nan
5.604,1779427881435961896,nan
5.675,1779427881507160212,nan
5.740,1779427881572119334,nan
5.802,1779427881633995609,nan
5.873,1779427881705537792,nan
5.938,1779427881769901344,nan
6.003,1779427881834912382,nan
6.092,1779427881923799300,nan
6.137,1779427881969103156,nan
6.207,1779427882038864375,nan
6.274,1779427882105897007,nan
6.332,1779427882164143872,nan
6.406,1779427882238166917,nan
6.475,1779427882306999526,nan
6.539,1779427882371699145,nan
6.603,1779427882435417609,nan
6.666,1779427882497910505,nan
6.741,1779427882573293159,nan
6.807,1779427882639257137,nan
6.874,1779427882705809982,nan
6.938,1779427882770630641,nan
7.006,1779427882838001894,nan
7.067,1779427882899263680,nan
7.134,1779427882966711640,nan
7.201,1779427883033499691,nan
7.272,1779427883104093945,nan
7.338,1779427883170654957,nan
7.403,1779427883235252786,nan
7.470,1779427883301820506,nan
7.541,1779427883373695828,nan
7.607,1779427883439159604,nan
7.673,1779427883505309080,nan
7.738,1779427883569991490,nan
7.809,1779427883640881074,nan
7.874,1779427883706205727,nan
7.943,1779427883775456456,nan
8.008,1779427883839931203,nan
8.072,1779427883903829331,nan
8.141,1779427883972812897,nan
8.208,1779427884040550478,nan
8.273,1779427884105313096,nan
8.341,1779427884173703128,nan
8.408,1779427884240278431,nan
8.471,1779427884303459069,nan
8.543,1779427884375440639,nan
8.607,1779427884439532140,nan
8.669,1779427884501337878,nan
8.741,1779427884572876996,nan
8.807,1779427884638887098,nan
8.875,1779427884707570251,nan
8.941,1779427884773345523,nan
9.006,1779427884838219390,nan
9.071,1779427884903166339,nan
9.142,1779427884973829592,nan
9.207,1779427885038826707,nan
9.277,1779427885109479169,nan
9.340,1779427885172728931,nan
9.406,1779427885238699909,nan
9.468,1779427885300142234,nan
9.541,1779427885372968752,nan
9.605,1779427885436884964,nan
9.677,1779427885509254447,nan
9.742,1779427885574498308,nan
9.811,1779427885643111754,nan
9.873,1779427885705600566,nan
9.937,1779427885769074325,nan
10.024,1779427885856109502,nan
10.073,1779427885905538809,nan
10.136,1779427885967885873,nan
10.199,1779427886031501088,nan
10.276,1779427886108144018,nan
10.347,1779427886179335182,nan
10.425,1779427886257243637,nan
10.470,1779427886301919711,nan
10.529,1779427886361627225,nan
10.603,1779427886434978737,nan
10.676,1779427886508545788,nan
10.731,1779427886563070449,nan
10.796,1779427886628330935,nan
10.863,1779427886695631022,nan
10.958,1779427886790501727,nan
10.999,1779427886831042310,nan
11.074,1779427886906353506,nan
11.135,1779427886967129382,nan
11.200,1779427887032321911,nan
11.272,1779427887104253315,nan
11.339,1779427887171107158,nan
11.409,1779427887241723162,nan
11.477,1779427887309026165,nan
11.530,1779427887362714919,nan
11.606,1779427887438341987,nan
11.676,1779427887508605662,nan
11.730,1779427887562425664,nan
11.800,1779427887631836225,nan
11.863,1779427887695447649,nan
11.932,1779427887764566755,nan
12.000,1779427887832194087,nan
12.332,1779427888163821497,nan
12.332,1779427888163927954,nan
12.333,1779427888165656641,nan
12.334,1779427888165792264,nan
12.347,1779427888179473304,nan
12.403,1779427888235451322,nan
12.472,1779427888304330472,nan
12.559,1779427888391580896,nan
12.598,1779427888430337960,nan
12.663,1779427888495508614,nan
12.730,1779427888562099084,nan
12.803,1779427888635004602,nan
12.868,1779427888700669917,nan
12.930,1779427888761786746,nan
13.010,1779427888841830759,nan
13.069,1779427888900824282,nan
13.136,1779427888968441114,nan
13.226,1779427889058714626,nan
13.269,1779427889101104936,nan
13.336,1779427889168539188,nan
13.396,1779427889228410908,nan
13.464,1779427889295911367,nan
13.530,1779427889362209299,nan
13.601,1779427889432878094,nan
13.672,1779427889503950843,nan
13.730,1779427889562072001,nan
13.826,1779427889657826445,nan
13.871,1779427889702991346,nan
13.935,1779427889767306844,nan
13.997,1779427889829190164,nan
14.065,1779427889897683736,nan
14.137,1779427889969014607,nan
14.199,1779427890031666459,nan
14.263,1779427890095674544,nan
14.331,1779427890162764342,nan
14.397,1779427890228866277,nan
14.492,1779427890324561471,nan
14.539,1779427890371595641,nan
14.612,1779427890443917291,nan
14.676,1779427890507852461,nan
14.733,1779427890565111463,nan
14.807,1779427890639166174,nan
14.873,1779427890705258776,nan
14.946,1779427890778115335,nan
15.001,1779427890833474736,nan
15.064,1779427890896741997,nan
15.158,1779427890989951389,nan
15.201,1779427891033078441,nan
15.269,1779427891101383598,nan
15.332,1779427891164461279,nan
15.397,1779427891229109565,nan
15.465,1779427891296911312,nan
15.533,1779427891365225219,nan
15.597,1779427891429090681,nan
15.665,1779427891497101259,nan
15.742,1779427891574039352,nan
15.808,1779427891640081787,nan
15.875,1779427891707523914,nan
15.944,1779427891776717477,nan
16.009,1779427891841078475,nan
16.074,1779427891906112631,nan
16.142,1779427891974499163,nan
16.208,1779427892040280851,nan
16.265,1779427892097184608,nan
16.332,1779427892164347321,nan
16.402,1779427892233960004,nan
16.463,1779427892295733367,nan
16.531,1779427892363632821,nan
16.601,1779427892433142839,nan
16.666,1779427892497933457,nan
16.735,1779427892567174561,nan
16.798,1779427892630222783,nan
16.876,1779427892708018949,nan
16.941,1779427892772939648,nan
17.002,1779427892834630470,nan
17.092,1779427892924127575,nan
17.138,1779427892969765845,nan
17.199,1779427893030780926,nan
17.281,1779427893112886997,nan
17.332,1779427893164630942,nan
17.398,1779427893229783222,nan
17.467,1779427893299421571,nan
17.537,1779427893369565373,nan
17.613,1779427893444960276,nan
17.667,1779427893499503020,nan
17.742,1779427893574435637,nan
17.808,1779427893640698862,nan
17.878,1779427893710614958,nan
17.937,1779427893768776657,nan
18.003,1779427893835340294,nan
18.076,1779427893908364560,nan
18.135,1779427893967419040,nan
18.205,1779427894037151597,nan
18.274,1779427894106719947,nan
18.343,1779427894174987480,nan
18.409,1779427894241556076,nan
18.471,1779427894302972152,nan
18.536,1779427894368139306,nan
18.609,1779427894440882117,nan
18.672,1779427894503974381,nan
18.743,1779427894575409083,nan
18.809,1779427894640901734,nan
18.877,1779427894708868604,nan
18.936,1779427894767775794,nan
18.999,1779427894831729630,nan
19.065,1779427894897464069,nan
19.141,1779427894973350425,nan
19.225,1779427895056916894,nan
19.273,1779427895105419879,nan
19.338,1779427895170096748,nan
19.397,1779427895229606514,nan
19.478,1779427895310032897,nan
19.539,1779427895371157935,nan
19.609,1779427895440877367,nan
19.673,1779427895504955451,nan
19.730,1779427895562366118,nan
19.806,1779427895638519637,nan
19.873,1779427895705167274,nan
19.937,1779427895769286191,nan
20.003,1779427895835612123,nan
20.073,1779427895905165890,nan
20.132,1779427895964152704,nan
20.209,1779427896041546666,nan
20.270,1779427896102389041,nan
20.340,1779427896172554134,nan
20.407,1779427896239415559,nan
20.471,1779427896303652017,nan
20.535,1779427896367255566,nan
20.607,1779427896439369260,nan
20.678,1779427896510240469,nan
20.736,1779427896567915382,nan
20.808,1779427896640679193,nan
20.864,1779427896696355340,nan
20.937,1779427896768803571,nan
21.003,1779427896834772216,nan
21.066,1779427896898452764,nan
21.142,1779427896974197080,nan
21.203,1779427897035061912,nan
21.270,1779427897102226667,nan
21.340,1779427897172197804,nan
21.405,1779427897237092837,nan
21.470,1779427897302106285,nan
21.538,1779427897369794450,nan
21.625,1779427897457366162,nan
21.674,1779427897506444598,nan
21.739,1779427897570821638,nan
21.802,1779427897634145482,nan
21.873,1779427897705473727,nan
21.943,1779427897774999494,nan
22.001,1779427897833750936,nan
22.075,1779427897906901784,nan
22.138,1779427897970553749,nan
22.207,1779427898039097195,nan
22.272,1779427898104446931,nan
22.339,1779427898171305731,nan
22.397,1779427898229181892,nan
22.470,1779427898302184575,nan
22.541,1779427898373117325,nan
22.600,1779427898431815810,nan
22.668,1779427898500065968,nan
22.737,1779427898568834870,nan
22.805,1779427898637587730,nan
22.873,1779427898705472310,nan
22.940,1779427898772600607,nan
23.002,1779427898833988391,nan
23.071,1779427898902883875,nan
23.136,1779427898967934947,nan
23.202,1779427899034378711,nan
23.266,1779427899098093967,nan
23.336,1779427899168303976,nan
23.397,1779427899228808896,nan
23.470,1779427899301791746,nan
23.536,1779427899368333509,nan
23.604,1779427899435944217,nan
23.674,1779427899506274099,nan
23.731,1779427899562801319,nan
23.808,1779427899639992867,nan
23.897,1779427899729623261,nan
23.946,1779427899778153371,nan
24.001,1779427899832901446,nan
24.069,1779427899901562724,nan
24.137,1779427899968802436,nan
24.204,1779427900036309603,nan
24.271,1779427900103027530,nan
24.337,1779427900168996758,nan
24.402,1779427900234629991,nan
24.474,1779427900306356356,nan
24.540,1779427900372646997,nan
24.602,1779427900434327319,nan
24.667,1779427900499192602,nan
24.743,1779427900574852336,nan
24.803,1779427900635192758,nan
24.872,1779427900703786079,nan
24.938,1779427900769867306,nan
25.008,1779427900840435477,nan
25.068,1779427900900643193,nan
25.139,1779427900971590526,nan
25.207,1779427901039007278,nan
25.270,1779427901101864752,nan
25.339,1779427901171459936,nan
25.426,1779427901257870370,nan
25.464,1779427901296676725,nan
25.535,1779427901366990857,nan
25.603,1779427901435469846,nan
25.674,1779427901506461512,nan
25.740,1779427901572227451,nan
25.807,1779427901639085376,nan
25.874,1779427901706735750,nan
25.940,1779427901772570230,nan
26.009,1779427901841470672,nan
26.064,1779427901896312204,nan
26.145,1779427901976793711,nan
26.225,1779427902057281635,nan
26.269,1779427902101580005,nan
26.341,1779427902173226163,nan
26.407,1779427902239264224,nan
26.471,1779427902302988229,nan
26.538,1779427902370122068,nan
26.632,1779427902464673360,nan
26.665,1779427902497457456,nan
26.741,1779427902573592017,nan
26.803,1779427902635446837,nan
26.874,1779427902706117674,nan
26.934,1779427902765935436,nan
27.004,1779427902835884407,nan
27.068,1779427902900156447,nan
27.137,1779427902969166555,nan
27.205,1779427903036953510,nan
27.264,1779427903096154113,nan
27.334,1779427903166058459,nan
27.402,1779427903233765124,nan
27.470,1779427903302439236,nan
27.532,1779427903364534720,nan
27.624,1779427903456440086,nan
27.669,1779427903500833247,nan
27.739,1779427903571746747,nan
27.807,1779427903639037209,nan
27.869,1779427903701507939,nan
27.938,1779427903770588753,nan
28.008,1779427903840643764,nan
28.091,1779427903923637365,nan
28.140,1779427903972350931,nan
28.204,1779427904036058312,nan
28.267,1779427904099538488,nan
28.340,1779427904172369673,nan
28.407,1779427904238975309,nan
28.469,1779427904301599454,nan
28.536,1779427904368329631,nan
28.603,1779427904435479511,nan
28.671,1779427904503247425,nan
28.742,1779427904573885012,nan
28.806,1779427904638659880,nan
28.873,1779427904705023144,nan
28.940,1779427904771829446,nan
29.006,1779427904838513248,nan
29.069,1779427904900796730,nan
29.136,1779427904967939610,nan
29.207,1779427905038802653,nan
29.271,1779427905102972611,nan
29.338,1779427905170458779,nan
29.404,1779427905235974762,nan
29.473,1779427905305698277,nan
29.542,1779427905374022976,nan
29.603,1779427905434919684,nan
29.664,1779427905496658047,nan
29.735,1779427905567183052,nan
29.797,1779427905629163204,nan
29.878,1779427905709894667,nan
29.942,1779427905773972460,nan
30.024,1779427905856070656,nan
30.069,1779427905901686760,nan
30.136,1779427905968525144,nan
30.202,1779427906034440706,nan
30.271,1779427906103511479,nan
30.336,1779427906168573343,nan
30.404,1779427906236489714,nan
30.466,1779427906298762237,nan
30.535,1779427906367120478,nan
30.605,1779427906436874326,nan
30.675,1779427906506903795,nan
30.737,1779427906569375108,nan
30.802,1779427906633890396,nan
30.869,1779427906701158108,nan
30.935,1779427906767638621,nan
31.000,1779427906832411739,nan
31.075,1779427906906928445,nan
31.139,1779427906971318025,nan
31.201,1779427907033019931,nan
31.276,1779427907108367585,nan
31.340,1779427907172297796,nan
31.403,1779427907235476976,nan
31.469,1779427907301376204,nan
31.559,1779427907390958766,nan
31.599,1779427907431505183,nan
31.668,1779427907500725287,nan
31.737,1779427907569104527,nan
31.798,1779427907630375355,nan
31.876,1779427907708529391,nan
31.942,1779427907773945042,nan
32.008,1779427907840689219,nan
32.068,1779427907900209485,nan
32.144,1779427907976640376,nan
32.202,1779427908034496120,nan
32.276,1779427908108101379,nan
32.339,1779427908171660304,nan
32.406,1779427908238029110,nan
32.468,1779427908300397466,nan
32.539,1779427908371101844,nan
32.608,1779427908439931412,nan
32.674,1779427908506304885,nan
32.742,1779427908574576501,nan
32.804,1779427908636722318,nan
32.874,1779427908705877381,nan
32.932,1779427908764354952,nan
33.007,1779427908838894407,nan
33.068,1779427908900479064,nan
33.137,1779427908968926845,nan
33.203,1779427909034893740,nan
33.274,1779427909106048446,nan
33.342,1779427909174693391,nan
33.408,1779427909240702868,nan
33.469,1779427909301128748,nan
33.532,1779427909364064972,nan
33.602,1779427909434240564,nan
33.670,1779427909501838147,nan
33.742,1779427909574743415,nan
33.808,1779427909640050568,nan
33.870,1779427909701984970,nan
33.931,1779427909762789804,nan
34.007,1779427909838912990,nan
34.076,1779427909908491548,nan
34.136,1779427909967801525,nan
34.203,1779427910034893906,nan
34.270,1779427910102456781,nan
34.342,1779427910174065023,nan
34.403,1779427910234846440,nan
34.473,1779427910305361820,nan
34.534,1779427910366594565,nan
34.603,1779427910435723587,nan
34.677,1779427910509351304,nan
34.733,1779427910564985159,nan
34.802,1779427910634231222,nan
34.876,1779427910708173060,nan
34.933,1779427910765216523,nan
35.005,1779427910837200719,nan
35.065,1779427910897269603,nan
35.137,1779427910969053717,nan
35.203,1779427911035156819,nan
35.270,1779427911102676236,nan
35.342,1779427911174325602,nan
35.405,1779427911236889372,nan
35.478,1779427911309835472,nan
35.543,1779427911375426122,nan
35.609,1779427911440772066,nan
35.666,1779427911497936861,nan
35.742,1779427911574379710,nan
35.802,1779427911634695632,nan
35.869,1779427911700796109,nan
35.939,1779427911771545111,nan
36.005,1779427911837312217,nan
36.079,1779427911911729757,nan
36.135,1779427911967552027,nan
36.197,1779427912029414347,nan
36.271,1779427912103200145,nan
36.341,1779427912173357072,nan
36.410,1779427912241905476,nan
36.469,1779427912301272619,nan
36.535,1779427912367149390,nan
36.608,1779427912440073324,nan
36.671,1779427912503336794,nan
36.733,1779427912565639817,nan
36.809,1779427912641747253,nan
36.867,1779427912698846132,nan
36.934,1779427912765981429,nan
37.008,1779427912840652716,nan
37.068,1779427912900324355,nan
37.135,1779427912967503985,nan
37.206,1779427913038469402,nan
37.270,1779427913102466987,nan
37.342,1779427913174163603,nan
37.409,1779427913241409732,nan
37.467,1779427913299142978,nan
37.533,1779427913365380244,nan
37.606,1779427913438739631,nan
37.669,1779427913501208319,nan
37.738,1779427913570621213,nan
37.804,1779427913636261445,nan
37.876,1779427913708746718,nan
37.930,1779427913761946937,nan
38.010,1779427913841855326,nan
38.074,1779427913905874786,nan
38.140,1779427913971894764,nan
38.203,1779427914035704852,nan
38.265,1779427914097105469,nan
38.332,1779427914163915854,nan
38.398,1779427914230311493,nan
38.463,1779427914295450940,nan
38.536,1779427914367803506,nan
38.606,1779427914438521300,nan
38.675,1779427914507067080,nan
38.742,1779427914573817673,nan
38.798,1779427914630385434,nan
38.867,1779427914699461165,nan
38.932,1779427914764679944,nan
39.007,1779427914839460021,nan
39.073,1779427914904962589,nan
39.168,1779427915000304621,nan
39.198,1779427915029841632,nan
39.265,1779427915096857055,nan
39.333,1779427915165329044,nan
39.397,1779427915229008467,nan
39.469,1779427915301736403,nan
39.540,1779427915372295533,nan
39.602,1779427915434704180,nan
39.666,1779427915498088106,nan
39.742,1779427915574067669,nan
39.807,1779427915638815996,nan
39.870,1779427915702308504,nan
39.932,1779427915764672485,nan
40.005,1779427915837065884,nan
40.075,1779427915906949230,nan
40.132,1779427915964023609,nan
40.205,1779427916037670576,nan
40.265,1779427916097702711,nan
40.345,1779427916177242438,nan
40.410,1779427916242297011,nan
40.466,1779427916297887117,nan
40.530,1779427916362521986,nan
40.597,1779427916428867168,nan
40.664,1779427916496356544,nan
40.733,1779427916565388817,nan
40.802,1779427916634058262,nan
40.863,1779427916695483963,nan
40.941,1779427916773145380,nan
40.996,1779427916828736361,nan
41.071,1779427916902977445,nan
41.138,1779427916970737484,nan
41.209,1779427917041593819,nan
41.266,1779427917098057456,nan
41.340,1779427917172432997,nan
41.425,1779427917256815789,nan
41.464,1779427917296147721,nan
41.531,1779427917362995438,nan
41.608,1779427917440268651,nan
41.668,1779427917500485409,nan
41.741,1779427917572837683,nan
41.804,1779427917636145194,nan
41.863,1779427917695329464,nan
41.930,1779427917762756716,nan
42.001,1779427917832782394,nan
42.076,1779427917907931133,nan
42.131,1779427917963619321,nan
42.196,1779427918028725810,nan
42.294,1779427918126537645,nan
42.343,1779427918175032756,nan
42.398,1779427918230300574,nan
42.465,1779427918297173666,nan
42.531,1779427918363690345,nan
42.610,1779427918441966880,nan
42.664,1779427918496283585,nan
42.730,1779427918562716557,nan
42.797,1779427918629224195,nan
42.864,1779427918695793083,nan
42.958,1779427918790084253,nan
42.997,1779427918828926774,nan
43.064,1779427918896411775,nan
43.130,1779427918962527709,nan
43.208,1779427919040023462,nan
43.275,1779427919106949345,nan
43.338,1779427919170598393,nan
43.409,1779427919240939942,nan
43.463,1779427919294992692,nan
43.530,1779427919361989741,nan
43.607,1779427919439745073,nan
43.674,1779427919506261170,nan
43.737,1779427919569018896,nan
43.796,1779427919628555495,nan
43.874,1779427919706519950,nan
43.940,1779427919772457386,nan
44.008,1779427919839856930,nan
44.068,1779427919900274935,nan
44.130,1779427919961829259,nan
44.202,1779427920034557195,nan
44.273,1779427920105281115,nan
44.329,1779427920161498005,nan
44.406,1779427920238388265,nan
44.463,1779427920295332562,nan
44.540,1779427920371967617,nan
44.613,1779427920444980800,nan
44.670,1779427920501993930,nan
44.741,1779427920573162344,nan
44.799,1779427920631727413,nan
44.863,1779427920695587042,nan
44.946,1779427920778305314,nan
45.008,1779427920839812097,nan
45.068,1779427920900654179,nan
45.137,1779427920968845588,nan
45.209,1779427921041673857,nan
45.265,1779427921097181714,nan
45.330,1779427921162623115,nan
45.404,1779427921236252582,nan
45.466,1779427921298491439,nan
45.530,1779427921362358360,nan
45.598,1779427921430171148,nan
45.667,1779427921499511710,nan
45.735,1779427921566880046,nan
45.799,1779427921631388333,nan
45.874,1779427921706625155,nan
45.941,1779427921773319458,nan
46.026,1779427921858079371,nan
46.075,1779427921906919518,nan
46.130,1779427921962684330,nan
46.207,1779427922039450342,nan
46.265,1779427922097476418,nan
46.330,1779427922162096996,nan
46.400,1779427922232394795,nan
46.465,1779427922296797793,nan
46.543,1779427922375665528,nan
46.609,1779427922441498841,nan
46.667,1779427922498977466,nan
46.733,1779427922565219690,nan
46.800,1779427922631850410,nan
46.873,1779427922705691624,nan
46.935,1779427922767252949,nan
47.002,1779427922833902626,nan
47.074,1779427922906054820,nan
47.156,1779427922988250431,nan
47.204,1779427923036299880,nan
47.266,1779427923098449197,nan
47.332,1779427923164145428,nan
47.399,1779427923230970104,nan
47.465,1779427923297064164,nan
47.538,1779427923369909724,nan
47.600,1779427923432264663,nan
47.670,1779427923501860430,nan
47.741,1779427923572981011,nan
47.802,1779427923633819010,nan
47.870,1779427923701864879,nan
47.931,1779427923763402287,nan
47.997,1779427923829421098,nan
48.067,1779427923899662898,nan
48.137,1779427923968984793,nan
48.207,1779427924039734962,nan
48.267,1779427924099478934,nan
48.339,1779427924171208216,nan
48.405,1779427924237256193,nan
48.468,1779427924299960252,nan
48.539,1779427924371214999,nan
48.609,1779427924441099512,nan
48.668,1779427924500535487,nan
48.738,1779427924570076713,nan
48.804,1779427924635977400,nan
48.865,1779427924697034730,nan
48.933,1779427924764779894,nan
49.004,1779427924836565467,nan
49.067,1779427924899204195,nan
49.130,1779427924962257084,nan
49.198,1779427925030526075,nan
49.278,1779427925109822555,nan
49.343,1779427925175631952,nan
49.401,1779427925233098326,nan
49.467,1779427925299307885,nan
49.533,1779427925365167156,nan
49.603,1779427925434826172,nan
49.675,1779427925507534275,nan
49.740,1779427925571903148,nan
49.798,1779427925630041222,nan
49.892,1779427925723894606,nan
49.942,1779427925774089821,nan
50.002,1779427925834226079,nan
50.074,1779427925905806321,nan
50.138,1779427925970208735,nan
50.207,1779427926039701836,nan
50.275,1779427926107561041,nan
50.338,1779427926170363391,nan
50.413,1779427926245425215,nan
50.469,1779427926301557523,nan
50.537,1779427926369129440,nan
50.606,1779427926438352169,nan
50.691,1779427926523538494,nan
50.742,1779427926574031496,nan
50.802,1779427926634362585,nan
50.869,1779427926701637297,nan
50.935,1779427926767745357,nan
51.005,1779427926837009502,nan
51.065,1779427926897213426,nan
51.135,1779427926967640433,nan
51.211,1779427927043158126,nan
51.268,1779427927099797928,nan
51.341,1779427927173638267,nan
51.408,1779427927239929491,nan
51.476,1779427927308480812,nan
51.545,1779427927377403129,nan
51.609,1779427927441346757,nan
51.670,1779427927502069549,nan
51.742,1779427927574273659,nan
51.807,1779427927639374898,nan
51.871,1779427927703397566,nan
51.944,1779427927776222043,nan
52.007,1779427927839685302,nan
52.073,1779427927905392616,nan
52.137,1779427927968971082,nan
52.209,1779427928041046277,nan
52.274,1779427928106368888,nan
52.340,1779427928172387115,nan
52.408,1779427928240429484,nan
52.469,1779427928301299275,nan
52.536,1779427928368221658,nan
52.607,1779427928439181824,nan
52.676,1779427928508623010,nan
52.736,1779427928568293190,nan
52.805,1779427928637397505,nan
52.872,1779427928704304138,nan
52.942,1779427928773788197,nan
53.002,1779427928834328117,nan
53.078,1779427928909796228,nan
53.143,1779427928975354503,nan
53.208,1779427929040412575,nan
53.274,1779427929106492635,nan
53.358,1779427929190562765,nan
53.410,1779427929241772092,nan
53.476,1779427929308002942,nan
53.538,1779427929370107926,nan
53.602,1779427929434003429,nan
53.674,1779427929506568618,nan
53.741,1779427929572901841,nan
53.803,1779427929635188531,nan
53.876,1779427929708323629,nan
53.940,1779427929772195508,nan
54.006,1779427929838696729,nan
54.077,1779427929909575522,nan
54.137,1779427929969662489,nan
54.208,1779427930040130620,nan
54.278,1779427930109877760,nan
54.336,1779427930168607035,nan
54.399,1779427930231116556,nan
54.476,1779427930308494768,nan
54.541,1779427930372931307,nan
54.609,1779427930441457253,nan
54.675,1779427930507380690,nan
54.742,1779427930574308323,nan
54.809,1779427930641167998,nan
54.867,1779427930699133408,nan
54.944,1779427930776559454,nan
55.007,1779427930839661050,nan
55.072,1779427930904032840,nan
55.142,1779427930974027018,nan
55.203,1779427931035580467,nan
55.274,1779427931106561050,nan
55.335,1779427931167760712,nan
55.404,1779427931236670154,nan
55.467,1779427931299074675,nan
55.538,1779427931370110674,nan
55.603,1779427931435635699,nan
55.675,1779427931507310440,nan
55.738,1779427931570160624,nan
55.806,1779427931637848622,nan
55.872,1779427931703857225,nan
55.938,1779427931769895868,nan
56.006,1779427931838080861,nan
56.070,1779427931902216986,nan
56.145,1779427931977173520,nan
56.214,1779427932046153586,nan
56.271,1779427932103521670,nan
56.343,1779427932175515990,nan
56.404,1779427932235785997,nan
56.476,1779427932308521808,nan
56.541,1779427932373285885,nan
56.607,1779427932438853201,nan
56.672,1779427932504680972,nan
56.731,1779427932563708328,nan
56.805,1779427932636918675,nan
56.876,1779427932708327419,nan
56.939,1779427932770899064,nan
57.009,1779427932841215530,nan
57.109,1779427932941735457,0.003227916546165943
57.139,1779427932971427049,0.0028195809572935104
57.209,1779427933040872901,0.0028195809572935104
57.276,1779427933108050197,0.0028195809572935104
57.343,1779427933175342992,0.002555433427914977
57.417,1779427933249285997,0.002555433427914977
57.476,1779427933308608515,0.0023150586057454348
57.541,1779427933373578214,0.0023150586057454348
57.607,1779427933439625274,0.002196091692894697
57.684,1779427933516744198,0.002196091692894697
57.744,1779427933576711583,0.0020489839371293783
57.815,1779427933647514252,0.0020489839371293783
57.876,1779427933708358959,0.0023345788940787315
57.948,1779427933780568319,0.002218306064605713
58.019,1779427933851220197,0.0023975728545337915
58.080,1779427933912523983,0.0023963842540979385
58.147,1779427933979355950,0.0026359634939581156
58.211,1779427934043469326,0.0026473994366824627
58.274,1779427934106117970,0.003759724786505103
58.352,1779427934184080092,0.003654214320704341
58.410,1779427934242031210,0.003301497083157301
58.480,1779427934312129221,0.002961979014798999
58.543,1779427934375292358,0.002961979014798999
58.605,1779427934437688714,0.002961979014798999
58.680,1779427934511942340,0.002961979014798999
58.749,1779427934581410066,0.002591380150988698
58.816,1779427934648041369,0.002591380150988698
58.876,1779427934708240919,0.002697223564609885
58.947,1779427934779689912,0.002864663489162922
59.009,1779427934841466692,0.0025254359934479
59.075,1779427934906781428,0.0025254359934479
59.148,1779427934980166481,0.0025254359934479
59.211,1779427935043282078,0.0025254359934479
59.277,1779427935109501553,0.0025254359934479
59.346,1779427935178711157,0.0022847915533930063
59.407,1779427935239585907,0.0022847915533930063
59.477,1779427935309733500,0.0022847915533930063
59.546,1779427935377767994,0.002262684516608715
59.610,1779427935442545445,0.002262684516608715
59.678,1779427935509848448,0.002262684516608715
59.743,1779427935575173976,0.002262684516608715
59.804,1779427935636431095,0.002262684516608715
59.871,1779427935703366895,0.002262684516608715
59.933,1779427935765610127,0.002262684516608715
60.010,1779427935842155933,0.002262684516608715
60.077,1779427935909676225,0.002262684516608715
60.143,1779427935974963836,0.002262684516608715
60.204,1779427936036065208,0.002262684516608715
60.273,1779427936105433186,0.002262684516608715
60.337,1779427936169277940,0.002262684516608715
60.414,1779427936245995535,0.002262684516608715
60.474,1779427936306676328,0.002262684516608715
60.541,1779427936372818221,0.002262684516608715
60.606,1779427936437809503,0.002262684516608715
60.671,1779427936503480359,0.002262684516608715
60.740,1779427936572328010,0.002262684516608715
60.807,1779427936638827482,0.002262684516608715
60.870,1779427936702479447,0.002262684516608715
60.941,1779427936773086409,0.002262684516608715
61.005,1779427936837594988,0.002262684516608715
61.077,1779427936909057982,0.002262684516608715
61.144,1779427936976503900,0.002262684516608715
61.212,1779427937044008151,0.002262684516608715
61.269,1779427937101471025,0.002262684516608715
61.343,1779427937175382447,0.002262684516608715
61.399,1779427937231140759,0.002262684516608715
61.468,1779427937300315990,0.002262684516608715
61.543,1779427937375596269,0.002262684516608715
61.609,1779427937440799590,0.002262684516608715
61.675,1779427937507175105,0.002262684516608715
61.734,1779427937566295501,nan
61.809,1779427937641591239,nan
61.876,1779427937708515372,nan
61.943,1779427937775274423,nan
62.008,1779427937840075541,nan
62.070,1779427937902531104,nan
62.141,1779427937973516061,nan
62.204,1779427938035879167,nan
62.270,1779427938102019893,nan
62.338,1779427938170630130,nan
62.425,1779427938256820650,nan
62.479,1779427938311241188,nan
62.545,1779427938377562453,nan
62.610,1779427938442563651,nan
62.672,1779427938504418388,0.010186723433434963
62.741,1779427938572939668,0.010186723433434963
62.808,1779427938640564084,0.010186723433434963
62.877,1779427938708862825,0.010186723433434963
62.943,1779427938775560627,0.010186723433434963
63.007,1779427938838768681,0.010186723433434963
63.076,1779427938907769455,0.010186723433434963
63.140,1779427938971899456,0.010186723433434963
63.212,1779427939043973483,0.010186723433434963
63.272,1779427939103915202,0.010186723433434963
63.340,1779427939172145986,0.010186723433434963
63.409,1779427939241247967,0.010186723433434963
63.473,1779427939305218719,0.010186723433434963
63.537,1779427939368796019,0.010186723433434963
63.611,1779427939443274225,0.010186723433434963
63.678,1779427939509861487,0.010186723433434963
63.743,1779427939575111474,0.010186723433434963
63.809,1779427939641481155,0.010186723433434963
63.874,1779427939705833112,0.010186723433434963
63.944,1779427939776557031,0.010186723433434963
64.012,1779427939844305987,0.010186723433434963
64.072,1779427939904706200,0.010186723433434963
64.139,1779427939971623625,0.010186723433434963
64.213,1779427940045720919,0.010186723433434963
64.281,1779427940113463167,0.010186723433434963
64.344,1779427940176238393,0.010186723433434963
64.409,1779427940240918762,0.010186723433434963
64.481,1779427940313166329,0.010186723433434963
64.539,1779427940371545401,0.010186723433434963
64.605,1779427940437447255,0.010186723433434963
64.676,1779427940508153383,0.010186723433434963
64.741,1779427940573595575,0.010186723433434963
64.812,1779427940644292370,0.011272250674664974
64.878,1779427940709922686,0.011272250674664974
64.945,1779427940777030275,0.011272250674664974
65.009,1779427940841097318,0.011272250674664974
65.073,1779427940905754062,0.011272250674664974
65.146,1779427940978591955,0.011272250674664974
65.213,1779427941045607087,0.011272250674664974
65.271,1779427941103596122,0.011932304129004478
65.342,1779427941174200167,0.011932304129004478
65.415,1779427941247153809,0.011932304129004478
65.474,1779427941305988667,0.011932304129004478
65.539,1779427941371251529,0.011932304129004478
65.614,1779427941446699515,0.011932304129004478
65.672,1779427941504739007,0.011932304129004478
65.748,1779427941580158994,0.011932304129004478
65.806,1779427941638645606,0.011932304129004478
65.873,1779427941704905622,0.011932304129004478
65.947,1779427941779185206,0.011932304129004478
66.012,1779427941844414776,0.011932304129004478
66.074,1779427941905901434,0.01262492686510086
66.148,1779427941980309142,0.01262492686510086
66.210,1779427942042390501,0.01262492686510086
66.274,1779427942105888468,0.013546492904424667
66.346,1779427942178760194,0.013546492904424667
66.406,1779427942238275793,0.013546492904424667
66.472,1779427942304570226,0.013546492904424667
66.540,1779427942372347473,0.013546492904424667
66.604,1779427942436220935,0.013546492904424667
66.679,1779427942511612922,0.013546492904424667
66.744,1779427942576340249,0.013546492904424667
66.812,1779427942644594657,0.013546492904424667
66.876,1779427942708094373,0.013546492904424667
66.947,1779427942779401911,0.013546492904424667
67.016,1779427942848226520,0.013546492904424667
67.076,1779427942907938117,0.013546492904424667
67.148,1779427942979815564,0.013546492904424667
67.210,1779427943042057338,0.014170247130095959
67.278,1779427943110309121,0.014170247130095959
67.341,1779427943173072680,0.014170247130095959
67.406,1779427943238077378,0.014170247130095959
67.473,1779427943305467005,0.014170247130095959
67.549,1779427943381032823,0.014170247130095959
67.607,1779427943438981067,0.014170247130095959
67.674,1779427943506415319,0.014170247130095959
67.748,1779427943580600404,0.014170247130095959
67.807,1779427943639310805,0.014170247130095959
67.875,1779427943707623254,0.014170247130095959
67.945,1779427943777679556,0.01471316535025835
68.009,1779427943841103732,0.01448469702154398
68.080,1779427943912237147,0.0165572389960289
68.146,1779427943978469163,0.0165572389960289
68.207,1779427944039245038,0.0165572389960289
68.280,1779427944111878768,0.0165572389960289
68.342,1779427944174305456,0.0165572389960289
68.409,1779427944240928884,0.0165572389960289
68.469,1779427944301520720,0.0165572389960289
68.537,1779427944368774724,0.0165572389960289
68.616,1779427944448211661,0.0165572389960289
68.676,1779427944507868133,0.0165572389960289
68.737,1779427944569242501,0.0165572389960289
68.807,1779427944639696341,0.0165572389960289
68.875,1779427944707134092,0.0165572389960289
68.949,1779427944780863016,0.0165572389960289
69.007,1779427944839547376,0.0165572389960289
69.077,1779427944909456680,0.0165572389960289
69.140,1779427944972059533,0.0165572389960289
69.207,1779427945039720990,0.0165572389960289
69.277,1779427945109144967,0.0165572389960289
69.341,1779427945173673963,0.0165572389960289
69.403,1779427945235749489,0.0165572389960289
69.473,1779427945305064967,0.0165572389960289
69.544,1779427945376293464,0.0165572389960289
69.606,1779427945438458239,0.0165572389960289
69.673,1779427945505485329,0.0165572389960289
69.738,1779427945569879285,0.0165572389960289
69.804,1779427945636379631,0.0165572389960289
69.879,1779427945710890212,0.0165572389960289
69.946,1779427945778561586,0.0165572389960289
70.005,1779427945836810492,0.0165572389960289
70.075,1779427945906991335,0.0165572389960289
70.135,1779427945966872680,0.0165572389960289
70.205,1779427946037635682,0.018296074122190475
70.270,1779427946102239927,0.018296074122190475
70.347,1779427946178997480,0.018296074122190475
70.405,1779427946237196596,0.018296074122190475
70.478,1779427946310452442,0.018296074122190475
70.542,1779427946374009908,0.018296074122190475
70.611,1779427946443253637,0.018296074122190475
70.670,1779427946502708279,0.018296074122190475
70.746,1779427946578407929,0.018296074122190475
70.813,1779427946644847318,0.018296074122190475
70.878,1779427946710651173,0.018296074122190475
70.943,1779427946775046295,0.018296074122190475
71.011,1779427946842953041,0.018296074122190475
71.077,1779427946909653760,0.018296074122190475
71.149,1779427946980892756,0.018296074122190475
71.207,1779427947038868666,0.018296074122190475
71.272,1779427947103866364,0.018296074122190475
71.342,1779427947173893792,0.018296074122190475
71.404,1779427947236698184,0.018296074122190475
71.470,1779427947301849297,0.018296074122190475
71.541,1779427947373186293,0.018296074122190475
71.606,1779427947438131783,0.018296074122190475
71.674,1779427947505911656,0.018296074122190475
71.747,1779427947579398499,0.018296074122190475
71.808,1779427947640090084,0.018296074122190475
71.868,1779427947699867013,0.018296074122190475
71.935,1779427947767521179,0.018296074122190475
72.008,1779427947840297240,0.018296074122190475
72.076,1779427947907940905,0.018296074122190475
72.145,1779427947977607838,0.018296074122190475
72.210,1779427948042444538,0.018296074122190475
72.269,1779427948100982483,0.018296074122190475
72.339,1779427948171144367,0.018296074122190475
72.408,1779427948239777354,nan
72.475,1779427948307516685,nan
72.539,1779427948371189358,nan
72.607,1779427948439270519,nan
72.671,1779427948503333437,nan
72.736,1779427948568754047,nan
72.811,1779427948643431459,nan
72.878,1779427948710273051,nan
72.944,1779427948776470068,0.3056408166885376
73.012,1779427948844179941,0.30367138981819153
73.074,1779427948906104677,0.30193591117858887
73.144,1779427948975871650,0.30002865195274353
73.210,1779427949042294998,0.2975980043411255
73.280,1779427949112362967,0.29527533054351807
73.345,1779427949177257708,0.2948693335056305
73.414,1779427949246519812,0.29350703954696655
73.477,1779427949309669533,0.29350703954696655
73.538,1779427949370445408,0.29350703954696655
73.602,1779427949434699658,0.29350703954696655
73.677,1779427949509743982,0.29350703954696655
73.735,1779427949566879319,0.29350703954696655
73.806,1779427949638597226,0.29350703954696655
73.877,1779427949709736474,0.29350703954696655
73.942,1779427949773902932,0.29350703954696655
74.012,1779427949844501436,0.29350703954696655
74.075,1779427949907263537,0.29350703954696655
74.145,1779427949976977427,0.29350703954696655
74.205,1779427950036956479,0.29350703954696655
74.280,1779427950111932180,0.29350703954696655
74.339,1779427950171149699,0.2943420708179474
74.401,1779427950233734761,0.2937668561935425
74.479,1779427950311524801,0.2946684658527374
74.541,1779427950373695993,0.2953045070171356
74.609,1779427950441490448,0.29487696290016174
74.678,1779427950510416556,0.2951523959636688
74.743,1779427950575576419,0.29480233788490295
74.807,1779427950639727711,0.29480233788490295
74.878,1779427950710445506,0.29480233788490295
74.940,1779427950771916706,0.29480233788490295
75.013,1779427950845277051,0.29480233788490295
75.074,1779427950906739501,0.29480233788490295
75.142,1779427950974404750,0.29480233788490295
75.206,1779427951037926633,0.29631200432777405
75.278,1779427951109942037,0.2959170341491699
75.345,1779427951177317664,0.29644933342933655
75.411,1779427951243059978,0.29695338010787964
75.477,1779427951309724531,0.2966575026512146
75.541,1779427951373239706,0.2967863380908966
75.601,1779427951433420589,0.29755541682243347
75.677,1779427951509440818,0.29755541682243347
75.747,1779427951579675618,0.29755541682243347
75.811,1779427951643592996,0.29755541682243347
75.874,1779427951706091726,0.29755541682243347
75.936,1779427951767833006,0.29755541682243347
76.001,1779427951833596611,0.29755541682243347
76.079,1779427951911743064,0.29638099670410156
76.142,1779427951973781549,0.29558026790618896
76.205,1779427952037334640,0.29558026790618896
76.273,1779427952105010680,0.29558026790618896
76.341,1779427952172896426,0.29558026790618896
76.412,1779427952243986383,0.29558026790618896
76.478,1779427952310129150,0.29558026790618896
76.543,1779427952375553552,0.29558026790618896
76.607,1779427952439512930,0.29558026790618896
76.667,1779427952499333317,0.29558026790618896
76.734,1779427952566640695,0.29558026790618896
76.802,1779427952634262194,0.29558026790618896
76.881,1779427952713330011,0.29558026790618896
76.939,1779427952771634625,0.29558026790618896
77.010,1779427952842755789,0.29558026790618896
77.067,1779427952898777848,0.29558026790618896
77.135,1779427952966914716,0.29558026790618896
77.203,1779427953035223665,0.29558026790618896
77.268,1779427953100479194,0.29558026790618896
77.334,1779427953166455130,0.29558026790618896
77.407,1779427953238910653,0.29558026790618896
77.469,1779427953301009512,0.29558026790618896
77.539,1779427953371277271,0.29558026790618896
77.611,1779427953443462130,0.29558026790618896
77.674,1779427953506511811,0.29558026790618896
77.744,1779427953576028245,0.29558026790618896
77.807,1779427953639125467,0.29558026790618896
77.877,1779427953709230769,0.29558026790618896
77.944,1779427953776168027,0.29558026790618896
78.000,1779427953832301209,0.29558026790618896
78.081,1779427953913379168,0.29558026790618896
78.135,1779427953967715706,0.29558026790618896
78.206,1779427954038303418,0.29558026790618896
78.268,1779427954100024574,0.29558026790618896
78.349,1779427954181003950,nan
78.412,1779427954244052464,nan
78.476,1779427954308229131,nan
78.534,1779427954366359331,nan
78.600,1779427954432332350,nan
78.668,1779427954500203221,nan
78.734,1779427954566502029,nan
78.807,1779427954639531836,nan
78.873,1779427954705729436,nan
78.935,1779427954767133262,nan
79.012,1779427954844142979,nan
79.079,1779427954911391150,nan
79.145,1779427954977206088,nan
79.210,1779427955041932248,nan
79.274,1779427955105929250,nan
79.335,1779427955167392867,nan
79.401,1779427955232870643,nan
79.482,1779427955313824061,nan
79.544,1779427955376686786,nan
79.601,1779427955432833385,0.01661442406475544
79.680,1779427955512058116,0.01661442406475544
79.747,1779427955578773710,0.01661442406475544
79.809,1779427955641396396,0.01661442406475544
79.875,1779427955707321000,0.01661442406475544
79.948,1779427955780049227,0.01661442406475544
80.004,1779427955836703029,0.01661442406475544
80.081,1779427955913558872,0.01661442406475544
80.137,1779427955969263310,0.01661442406475544
80.201,1779427956033180855,0.01661442406475544
80.267,1779427956099331498,0.01661442406475544
80.338,1779427956170236832,0.015971112996339798
80.400,1779427956232247900,0.015971112996339798
80.467,1779427956299669027,0.015971112996339798
80.534,1779427956366579743,0.015971112996339798
80.613,1779427956445075608,0.015971112996339798
80.668,1779427956499848474,0.015971112996339798
80.745,1779427956577753139,0.015971112996339798
80.808,1779427956640011537,0.015971112996339798
80.880,1779427956711961025,0.015971112996339798
80.936,1779427956768225456,0.015971112996339798
81.001,1779427956832932366,0.015971112996339798
81.070,1779427956902369760,0.015971112996339798
81.146,1779427956978117867,0.019283544272184372
81.209,1779427957040887551,0.019283544272184372
81.279,1779427957111492764,0.019283544272184372
81.349,1779427957181611482,0.019283544272184372
81.408,1779427957240738003,0.019283544272184372
81.468,1779427957300414309,0.019283544272184372
81.539,1779427957371700846,0.019283544272184372
81.611,1779427957443686000,0.019283544272184372
81.671,1779427957502845770,0.019283544272184372
81.739,1779427957571214802,0.019283544272184372
81.807,1779427957639552042,0.019283544272184372
81.867,1779427957699619468,0.019283544272184372
81.934,1779427957766706641,0.019283544272184372
82.014,1779427957846481157,0.019283544272184372
82.078,1779427957910224412,0.019283544272184372
82.146,1779427957977915619,0.019283544272184372
82.213,1779427958044869502,0.019283544272184372
82.280,1779427958112459501,0.019283544272184372
82.334,1779427958166190255,0.019283544272184372
82.400,1779427958232069068,0.019283544272184372
82.473,1779427958304939627,0.019283544272184372
82.532,1779427958363957358,0.019283544272184372
82.599,1779427958430845033,0.019283544272184372
82.665,1779427958497444253,0.019283544272184372
82.733,1779427958565026086,0.019283544272184372
82.799,1779427958631309435,0.019283544272184372
82.879,1779427958710953578,0.019283544272184372
82.944,1779427958775890610,0.019283544272184372
83.006,1779427958838641628,0.019283544272184372
83.077,1779427958909665377,0.019283544272184372
83.133,1779427958964960612,0.019283544272184372
83.209,1779427959041672374,0.019283544272184372
83.274,1779427959106129912,0.019283544272184372
83.334,1779427959166282503,nan
83.399,1779427959230869248,nan
83.464,1779427959296669895,nan
83.532,1779427959364522392,nan
83.599,1779427959431071154,nan
83.668,1779427959500665462,nan
83.745,1779427959576857773,nan
83.801,1779427959633224577,nan
83.867,1779427959699694008,nan
83.937,1779427959769557229,nan
83.999,1779427959831463299,nan
84.095,1779427959927129952,nan
84.146,1779427959977938826,nan
84.201,1779427960033593514,nan
84.274,1779427960105889206,nan
84.345,1779427960177547322,nan
84.408,1779427960240382047,nan
84.469,1779427960301421294,nan
84.547,1779427960378921713,nan
84.615,1779427960447405077,nan
84.671,1779427960503351304,nan
84.731,1779427960563546478,nan
84.805,1779427960637459733,nan
84.878,1779427960710354209,nan
84.943,1779427960775155618,nan
85.006,1779427960837838678,nan
85.071,1779427960902900834,nan
85.133,1779427960965735267,nan
85.205,1779427961037116304,nan
85.274,1779427961105845539,nan
85.343,1779427961175260475,nan
85.399,1779427961231241993,nan
85.468,1779427961299787772,nan
85.535,1779427961367309814,nan
85.607,1779427961439060971,nan
85.677,1779427961509311230,nan
85.739,1779427961571275049,nan
85.812,1779427961644497937,nan
85.872,1779427961704725778,nan
85.960,1779427961792473779,nan
86.006,1779427961838017550,nan
86.068,1779427961900093660,nan
86.134,1779427961966550548,nan
86.205,1779427962037331342,nan
86.269,1779427962101732006,nan
86.346,1779427962178123230,nan
86.409,1779427962241654155,nan
86.468,1779427962300422222,nan
86.542,1779427962374401976,nan
86.612,1779427962444708234,nan
86.671,1779427962503723339,nan
86.744,1779427962576217945,nan
86.808,1779427962640613359,nan
86.870,1779427962702699094,nan
86.937,1779427962769397479,nan
87.007,1779427962839438615,nan
87.078,1779427962910131618,nan
87.138,1779427962970651705,nan
87.206,1779427963038213997,nan
87.277,1779427963109175622,nan
87.345,1779427963177518404,nan
87.405,1779427963237659037,nan
87.472,1779427963304682044,nan
87.538,1779427963370136778,nan
87.609,1779427963441505565,nan
87.676,1779427963508598195,nan
87.741,1779427963573756600,nan
87.812,1779427963644031650,nan
87.869,1779427963701068696,nan
87.944,1779427963775989356,nan
88.014,1779427963845808828,nan
88.072,1779427963903856779,nan
88.141,1779427963973654959,nan
88.214,1779427964045954443,nan
88.280,1779427964112230208,nan
88.346,1779427964178531057,nan
88.411,1779427964242858222,nan
88.471,1779427964303688639,nan
88.535,1779427964367432477,nan
88.605,1779427964437691194,nan
88.676,1779427964507925995,nan
88.744,1779427964575837699,nan
88.804,1779427964636621741,nan
88.881,1779427964712951133,nan
88.939,1779427964771446203,nan
89.011,1779427964843077486,nan
89.080,1779427964911945261,nan
89.137,1779427964969319179,nan
89.206,1779427965037876333,nan
89.277,1779427965109706531,nan
89.339,1779427965171734891,nan
89.404,1779427965236286928,nan
89.472,1779427965304431671,nan
89.537,1779427965369433452,nan
89.610,1779427965442110347,nan
89.676,1779427965508315531,nan
89.739,1779427965571353253,nan
89.802,1779427965634162312,nan
89.879,1779427965710864449,nan
89.946,1779427965778336909,nan
90.010,1779427965841977207,nan
90.075,1779427965907676647,nan
90.141,1779427965973746790,nan
90.212,1779427966043910716,nan
90.272,1779427966104568760,nan
90.338,1779427966170646778,nan
90.405,1779427966236937711,nan
90.475,1779427966307045638,nan
90.541,1779427966373237988,nan
90.610,1779427966442474426,nan
90.671,1779427966503716087,nan
90.731,1779427966563352143,nan
90.807,1779427966639475037,nan
90.871,1779427966703319208,nan
90.938,1779427966770672003,nan
91.009,1779427966840894720,nan
91.068,1779427966900508610,nan
91.134,1779427966966612878,nan
91.207,1779427967039090859,nan
91.271,1779427967103583980,nan
91.335,1779427967167129196,nan
91.406,1779427967238163737,nan
91.471,1779427967302887563,nan
91.540,1779427967372411289,nan
91.598,1779427967430244867,nan
91.672,1779427967504383578,nan
91.739,1779427967570987173,nan
91.807,1779427967638891877,nan
91.879,1779427967710868198,nan
91.937,1779427967768854024,nan
92.010,1779427967842132621,nan
92.075,1779427967907752436,nan
92.135,1779427967967725655,nan
92.209,1779427968041337914,nan
92.275,1779427968107067978,nan
92.340,1779427968172326715,nan
92.405,1779427968237362038,nan
92.468,1779427968300288928,nan
92.542,1779427968374455638,nan
92.602,1779427968434555730,nan
92.675,1779427968507153002,nan
92.738,1779427968570018060,nan
92.830,1779427968662681167,nan
92.874,1779427968706072965,nan
92.935,1779427968766878590,nan
93.004,1779427968836118819,nan
93.077,1779427968908901296,nan
93.137,1779427968969474758,nan
93.210,1779427969042743146,nan
93.277,1779427969109619737,nan
93.341,1779427969173659906,nan
93.403,1779427969235532143,nan
93.467,1779427969299352689,nan
93.536,1779427969368579502,nan
93.609,1779427969441092774,nan
93.677,1779427969509191434,nan
93.737,1779427969569252443,nan
93.808,1779427969639933780,nan
93.876,1779427969707892733,nan
93.939,1779427969771403825,nan
94.004,1779427969836557855,nan
94.068,1779427969900661022,nan
94.136,1779427969967781736,nan
